Start date,End date,Mean,Min,Max
2015-03-30T00:00:00Z,2015-03-31T00:00:00Z,-0.7901222348,-0.7901222348,-0.7901222348
2015-03-30T00:00:00Z,2015-03-31T00:00:00Z,-0.6386603201,-0.6386603201,-0.6386603201
2015-03-30T00:00:00Z,2015-03-31T00:00:00Z,-0.3277975671,-0.3277975671,-0.3277975671
2015-03-30T00:00:00Z,2015-03-31T00:00:00Z,0.126009222,0.126009222,0.126009222
2015-03-30T00:00:00Z,2015-03-31T00:00:00Z,14.4202343938,14.4202343938,14.4202343938
2015-03-30T00:00:00Z,2015-03-31T00:00:00Z,14.0425746358,14.0425746358,14.0425746358
2015-03-30T00:00:00Z,2015-03-31T00:00:00Z,17.1247633675,17.1247633675,17.1247633675
2015-03-30T00:00:00Z,2015-03-31T00:00:00Z,18.0973597255,18.0973597255,18.0973597255
2015-03-30T00:00:00Z,2015-03-31T00:00:00Z,22.295710362925,20.5604754998,23.857070505
2015-03-30T00:00:00Z,2015-03-31T00:00:00Z,22.5561759995,20.2953089265,23.3906517553
2015-04-01T00:00:00Z,2015-04-02T00:00:00Z,-1.1528788252,-1.1528788252,-1.1528788252
2015-04-01T00:00:00Z,2015-04-02T00:00:00Z,13.282142091,13.282142091,13.282142091
2015-04-01T00:00:00Z,2015-04-02T00:00:00Z,19.7845494744,19.7845494744,19.7845494744
2015-04-01T00:00:00Z,2015-04-02T00:00:00Z,21.5580243254,21.3560095359,21.704664695
2015-04-02T00:00:00Z,2015-04-03T00:00:00Z,-1.2426598453,-1.2426598453,-1.2426598453
2015-04-02T00:00:00Z,2015-04-03T00:00:00Z,-1.1897336652,-1.1897336652,-1.1897336652
2015-04-02T00:00:00Z,2015-04-03T00:00:00Z,-0.6408374485666667,-0.7782881387,-0.4385599728
2015-04-02T00:00:00Z,2015-04-03T00:00:00Z,-0.2446064093,-0.2446064093,-0.2446064093
2015-04-02T00:00:00Z,2015-04-03T00:00:00Z,2.6638220667,2.6638220667,2.6638220667
2015-04-02T00:00:00Z,2015-04-03T00:00:00Z,9.0971988918,9.0971988918,9.0971988918
2015-04-02T00:00:00Z,2015-04-03T00:00:00Z,12.2310985287,12.2310985287,12.2310985287
2015-04-02T00:00:00Z,2015-04-03T00:00:00Z,17.1999772498,17.1999772498,17.1999772498
2015-04-02T00:00:00Z,2015-04-03T00:00:00Z,18.0385427109,18.0385427109,18.0385427109
2015-04-02T00:00:00Z,2015-04-03T00:00:00Z,19.638332030725,18.8019028211,21.3391471925
2015-04-02T00:00:00Z,2015-04-03T00:00:00Z,21.82768500875714,20.2412931926,22.8558196373
2015-04-03T00:00:00Z,2015-04-04T00:00:00Z,-1.1351096251,-1.1351096251,-1.1351096251
2015-04-03T00:00:00Z,2015-04-04T00:00:00Z,-0.42524406565,-0.4505963631,-0.3998917682
2015-04-03T00:00:00Z,2015-04-04T00:00:00Z,-0.0830972572,-0.0830972572,-0.0830972572
2015-04-03T00:00:00Z,2015-04-04T00:00:00Z,-0.3137068073,-0.369702946,-0.2577106686
2015-04-03T00:00:00Z,2015-04-04T00:00:00Z,11.2850762477,11.2850762477,11.2850762477
2015-04-03T00:00:00Z,2015-04-04T00:00:00Z,10.2303307574,10.2303307574,10.2303307574
2015-04-03T00:00:00Z,2015-04-04T00:00:00Z,15.6538562056,15.6538562056,15.6538562056
2015-04-03T00:00:00Z,2015-04-04T00:00:00Z,17.7060470769,17.4035784975,18.0085156563
2015-04-03T00:00:00Z,2015-04-04T00:00:00Z,20.7669719886625,19.2068946804,22.3421113958
2015-04-03T00:00:00Z,2015-04-04T00:00:00Z,21.669345259671427,19.5380860187,22.5828521013
2015-04-04T00:00:00Z,2015-04-05T00:00:00Z,-0.53794245975,-0.5417323449,-0.5341525746
2015-04-04T00:00:00Z,2015-04-05T00:00:00Z,-0.7854507716,-0.7854507716,-0.7854507716
2015-04-04T00:00:00Z,2015-04-05T00:00:00Z,-0.2821576017,-0.2821576017,-0.2821576017
2015-04-04T00:00:00Z,2015-04-05T00:00:00Z,0.0633735559,0.0633735559,0.0633735559
2015-04-04T00:00:00Z,2015-04-05T00:00:00Z,7.2110403849,7.2110403849,7.2110403849
2015-04-04T00:00:00Z,2015-04-05T00:00:00Z,13.3529466035,13.0765072342,13.6293859728
2015-04-04T00:00:00Z,2015-04-05T00:00:00Z,17.5508344199,17.5508344199,17.5508344199
2015-04-04T00:00:00Z,2015-04-05T00:00:00Z,19.0756364588,19.0756364588,19.0756364588
2015-04-04T00:00:00Z,2015-04-05T00:00:00Z,19.724919460000002,19.7135284694,19.7363104506
2015-04-04T00:00:00Z,2015-04-05T00:00:00Z,21.726061058025,20.6006236276,23.3406452559
2015-04-04T00:00:00Z,2015-04-05T00:00:00Z,22.482638665314287,21.3653424701,23.1867992372
2015-04-05T00:00:00Z,2015-04-06T00:00:00Z,-0.7834474629,-0.7834474629,-0.7834474629
2015-04-05T00:00:00Z,2015-04-06T00:00:00Z,-1.0467459819333333,-1.2867096985,-0.5696128513
2015-04-05T00:00:00Z,2015-04-06T00:00:00Z,0.2963477721,0.2963477721,0.2963477721
2015-04-05T00:00:00Z,2015-04-06T00:00:00Z,2.74899149725,2.6586084118,2.8393745827
2015-04-05T00:00:00Z,2015-04-06T00:00:00Z,3.3782956003,3.3782956003,3.3782956003
2015-04-05T00:00:00Z,2015-04-06T00:00:00Z,14.8805397434,14.8805397434,14.8805397434
2015-04-05T00:00:00Z,2015-04-06T00:00:00Z,16.6622632111,16.6622632111,16.6622632111
2015-04-05T00:00:00Z,2015-04-06T00:00:00Z,14.3236261278,14.3236261278,14.3236261278
2015-04-05T00:00:00Z,2015-04-06T00:00:00Z,21.0593502481,20.2824644082,21.5801815732
2015-04-05T00:00:00Z,2015-04-06T00:00:00Z,22.15092498628572,21.5380109935,22.997037503
2015-04-06T00:00:00Z,2015-04-07T00:00:00Z,-1.1836423448,-1.1836423448,-1.1836423448
2015-04-06T00:00:00Z,2015-04-07T00:00:00Z,-1.2012000464,-1.2012000464,-1.2012000464
2015-04-06T00:00:00Z,2015-04-07T00:00:00Z,0.1791650524,0.1791650524,0.1791650524
2015-04-06T00:00:00Z,2015-04-07T00:00:00Z,3.6569698316,1.9105744675,7.0761495599
2015-04-06T00:00:00Z,2015-04-07T00:00:00Z,16.6672563037,16.6672563037,16.6672563037
2015-04-06T00:00:00Z,2015-04-07T00:00:00Z,16.9343282335,16.9343282335,16.9343282335
2015-04-06T00:00:00Z,2015-04-07T00:00:00Z,17.992567583849997,17.8401412468,18.1449939209
2015-04-06T00:00:00Z,2015-04-07T00:00:00Z,21.588242025477776,19.3929801869,22.9035957432
2015-04-06T00:00:00Z,2015-04-07T00:00:00Z,22.280827208466665,20.9259762763,23.048629021
2015-04-07T00:00:00Z,2015-04-08T00:00:00Z,-1.3755170556,-1.3755170556,-1.3755170556
2015-04-07T00:00:00Z,2015-04-08T00:00:00Z,-1.0137048992,-1.0137048992,-1.0137048992
2015-04-07T00:00:00Z,2015-04-08T00:00:00Z,-0.8487539782,-0.8487539782,-0.8487539782
2015-04-07T00:00:00Z,2015-04-08T00:00:00Z,0.9333365853,0.9333365853,0.9333365853
2015-04-07T00:00:00Z,2015-04-08T00:00:00Z,7.1211984069,7.0933607111,7.1490361027
2015-04-07T00:00:00Z,2015-04-08T00:00:00Z,12.6155327417,12.6155327417,12.6155327417
2015-04-07T00:00:00Z,2015-04-08T00:00:00Z,18.2897114788,18.2897114788,18.2897114788
2015-04-07T00:00:00Z,2015-04-08T00:00:00Z,20.2455223997,20.2455223997,20.2455223997
2015-04-07T00:00:00Z,2015-04-08T00:00:00Z,23.1618523185,23.1618523185,23.1618523185
2015-04-07T00:00:00Z,2015-04-08T00:00:00Z,24.57763857012222,22.6428075228,25.9001799625
2015-04-07T00:00:00Z,2015-04-08T00:00:00Z,23.5850169226,23.0113983876,24.9451106804
2015-04-08T00:00:00Z,2015-04-09T00:00:00Z,-1.3821809791,-1.3821809791,-1.3821809791
2015-04-08T00:00:00Z,2015-04-09T00:00:00Z,-0.4747471561,-0.4747471561,-0.4747471561
2015-04-08T00:00:00Z,2015-04-09T00:00:00Z,-0.195299032,-0.195299032,-0.195299032
2015-04-08T00:00:00Z,2015-04-09T00:00:00Z,5.1757862838,5.1757862838,5.1757862838
2015-04-08T00:00:00Z,2015-04-09T00:00:00Z,11.60783532585,9.4683317146,13.7473389371
2015-04-08T00:00:00Z,2015-04-09T00:00:00Z,17.9153954182,17.9153954182,17.9153954182
2015-04-08T00:00:00Z,2015-04-09T00:00:00Z,20.082017702,20.082017702,20.082017702
2015-04-08T00:00:00Z,2015-04-09T00:00:00Z,21.5999090539,21.5999090539,21.5999090539
2015-04-08T00:00:00Z,2015-04-09T00:00:00Z,24.782864688133333,24.2679943046,25.9042572115
2015-04-08T00:00:00Z,2015-04-09T00:00:00Z,24.5460417408,23.5416821926,25.6702537458
2015-04-09T00:00:00Z,2015-04-10T00:00:00Z,-1.3947678664,-1.3947678664,-1.3947678664
2015-04-09T00:00:00Z,2015-04-10T00:00:00Z,-1.3060067844,-1.3060067844,-1.3060067844
2015-04-09T00:00:00Z,2015-04-10T00:00:00Z,1.2744197893,1.2744197893,1.2744197893
2015-04-09T00:00:00Z,2015-04-10T00:00:00Z,3.551337441,3.551337441,3.551337441
2015-04-09T00:00:00Z,2015-04-10T00:00:00Z,10.7726491138,10.7726491138,10.7726491138
2015-04-09T00:00:00Z,2015-04-10T00:00:00Z,15.5995057457,15.5995057457,15.5995057457
2015-04-09T00:00:00Z,2015-04-10T00:00:00Z,3.5378486441,3.5378486441,3.5378486441
2015-04-09T00:00:00Z,2015-04-10T00:00:00Z,21.683986965625,16.7053955125,23.8303949265
2015-04-09T00:00:00Z,2015-04-10T00:00:00Z,18.5658156012,18.5658156012,18.5658156012
2015-04-09T00:00:00Z,2015-04-10T00:00:00Z,18.68744755,18.68744755,18.68744755
2015-04-09T00:00:00Z,2015-04-10T00:00:00Z,22.184896780685715,21.5922793876,23.5064568294
2015-04-09T00:00:00Z,2015-04-10T00:00:00Z,22.96159492366,21.8311228819,24.0741422161
2015-04-10T00:00:00Z,2015-04-11T00:00:00Z,18.30576012055,17.366407972,20.1242277322
2015-04-10T00:00:00Z,2015-04-11T00:00:00Z,18.48021065336,17.5759126911,19.4699091001
2015-04-10T00:00:00Z,2015-04-11T00:00:00Z,16.489307279850003,6.2557724227,23.5242626318
2015-04-11T00:00:00Z,2015-04-12T00:00:00Z,21.5438157061,21.343705132,21.7439262802
2015-04-11T00:00:00Z,2015-04-12T00:00:00Z,17.3266619058,3.4403387371,21.8850486804
2015-04-11T00:00:00Z,2015-04-12T00:00:00Z,18.23486574658,7.5250997821,22.5062059657
2015-04-11T00:00:00Z,2015-04-12T00:00:00Z,17.68608729375,14.3188639176,21.0533106699
2015-04-12T00:00:00Z,2015-04-13T00:00:00Z,18.7335057425125,3.9750871299,21.906100994
2015-04-12T00:00:00Z,2015-04-13T00:00:00Z,17.990424131100003,3.3848741271,22.1689615321
2015-04-12T00:00:00Z,2015-04-13T00:00:00Z,19.704553452483335,9.623235902,22.9960396059
2015-04-13T00:00:00Z,2015-04-14T00:00:00Z,15.2949779741,15.2949779741,15.2949779741
2015-04-13T00:00:00Z,2015-04-14T00:00:00Z,16.242324863325003,5.2303107214,22.7643329797
2015-04-13T00:00:00Z,2015-04-14T00:00:00Z,18.77611414974,5.2611401709,23.3451257871
2015-04-13T00:00:00Z,2015-04-14T00:00:00Z,19.96650336938889,4.4653433797,23.2557267977
2015-04-14T00:00:00Z,2015-04-15T00:00:00Z,-1.16275885925,-1.2112739506,-1.1142437679
2015-04-14T00:00:00Z,2015-04-15T00:00:00Z,-1.2628814414,-1.2628814414,-1.2628814414
2015-04-14T00:00:00Z,2015-04-15T00:00:00Z,-0.9854654554,-0.9854654554,-0.9854654554
2015-04-14T00:00:00Z,2015-04-15T00:00:00Z,1.5942425365,1.5942425365,1.5942425365
2015-04-14T00:00:00Z,2015-04-15T00:00:00Z,9.66151044165,9.6503163131,9.6727045702
2015-04-14T00:00:00Z,2015-04-15T00:00:00Z,11.4500986764,11.4500986764,11.4500986764
2015-04-14T00:00:00Z,2015-04-15T00:00:00Z,18.050240800250002,17.9574230413,18.1430585592
2015-04-14T00:00:00Z,2015-04-15T00:00:00Z,18.7406919935,18.7406919935,18.7406919935
2015-04-14T00:00:00Z,2015-04-15T00:00:00Z,20.9014643893,20.9014643893,20.9014643893
2015-04-14T00:00:00Z,2015-04-15T00:00:00Z,20.4414369977,20.4414369977,20.4414369977
2015-04-14T00:00:00Z,2015-04-15T00:00:00Z,21.5710193488,19.842164444,23.1250243474
2015-04-14T00:00:00Z,2015-04-15T00:00:00Z,21.258977609875,19.9681724421,22.0095331687
2015-04-15T00:00:00Z,2015-04-16T00:00:00Z,-1.2337077639,-1.2337077639,-1.2337077639
2015-04-15T00:00:00Z,2015-04-16T00:00:00Z,-1.1651343028,-1.1651343028,-1.1651343028
2015-04-15T00:00:00Z,2015-04-16T00:00:00Z,2.3529141650666667,-0.151537613,3.6571046763
2015-04-15T00:00:00Z,2015-04-16T00:00:00Z,8.6027536929,8.6027536929,8.6027536929
2015-04-15T00:00:00Z,2015-04-16T00:00:00Z,17.649388877699998,17.4928379956,17.8059397598
2015-04-15T00:00:00Z,2015-04-16T00:00:00Z,19.0849428123,19.0849428123,19.0849428123
2015-04-15T00:00:00Z,2015-04-16T00:00:00Z,20.2692752282,20.2692752282,20.2692752282
2015-04-15T00:00:00Z,2015-04-16T00:00:00Z,20.2629977832,20.2629977832,20.2629977832
2015-04-15T00:00:00Z,2015-04-16T00:00:00Z,21.58013955048889,19.760072223,22.9187728701
2015-04-15T00:00:00Z,2015-04-16T00:00:00Z,21.27569672146667,20.4271814759,21.8864725458
2015-04-16T00:00:00Z,2015-04-17T00:00:00Z,-0.9335538887,-0.9335538887,-0.9335538887
2015-04-16T00:00:00Z,2015-04-17T00:00:00Z,-1.11235709755,-1.1494458482,-1.0752683469
2015-04-16T00:00:00Z,2015-04-17T00:00:00Z,-0.7455862817,-0.7455862817,-0.7455862817
2015-04-16T00:00:00Z,2015-04-17T00:00:00Z,8.4471146118,8.4471146118,8.4471146118
2015-04-16T00:00:00Z,2015-04-17T00:00:00Z,11.0345119156,11.0345119156,11.0345119156
2015-04-16T00:00:00Z,2015-04-17T00:00:00Z,14.993125663,14.993125663,14.993125663
2015-04-16T00:00:00Z,2015-04-17T00:00:00Z,18.9899917316,18.9899917316,18.9899917316
2015-04-16T00:00:00Z,2015-04-17T00:00:00Z,19.662234454,19.662234454,19.662234454
2015-04-16T00:00:00Z,2015-04-17T00:00:00Z,20.8028612572,20.8028612572,20.8028612572
2015-04-16T00:00:00Z,2015-04-17T00:00:00Z,21.911109998212503,20.9183114049,23.6416385716
2015-04-16T00:00:00Z,2015-04-17T00:00:00Z,21.299634786957142,20.7158336174,22.4283713216
2015-04-17T00:00:00Z,2015-04-18T00:00:00Z,-0.8383633946,-0.8383633946,-0.8383633946
2015-04-17T00:00:00Z,2015-04-18T00:00:00Z,-0.9388704992,-0.9388704992,-0.9388704992
2015-04-17T00:00:00Z,2015-04-18T00:00:00Z,5.2234090437,5.2234090437,5.2234090437
2015-04-17T00:00:00Z,2015-04-18T00:00:00Z,8.11340855505,8.0564390608,8.1703780493
2015-04-17T00:00:00Z,2015-04-18T00:00:00Z,15.4069851516,15.4069851516,15.4069851516
2015-04-17T00:00:00Z,2015-04-18T00:00:00Z,17.3148952767,17.1895677664,17.440222787
2015-04-17T00:00:00Z,2015-04-18T00:00:00Z,21.945450653549997,20.1545110022,23.6675652167
2015-04-17T00:00:00Z,2015-04-18T00:00:00Z,19.116867029020003,3.416132246,22.7065991128
2015-04-17T00:00:00Z,2015-04-18T00:00:00Z,22.9415926305,22.9415926305,22.9415926305
2015-04-18T00:00:00Z,2015-04-19T00:00:00Z,-1.0922225546,-1.1736480715,-1.0107970377
2015-04-18T00:00:00Z,2015-04-19T00:00:00Z,-1.2591857115,-1.2591857115,-1.2591857115
2015-04-18T00:00:00Z,2015-04-19T00:00:00Z,-1.0767033247,-1.0767033247,-1.0767033247
2015-04-18T00:00:00Z,2015-04-19T00:00:00Z,3.8935589351,3.8935589351,3.8935589351
2015-04-18T00:00:00Z,2015-04-19T00:00:00Z,10.5464953303,9.3802153307,11.7127753299
2015-04-18T00:00:00Z,2015-04-19T00:00:00Z,14.433617640333333,14.2371811306,14.7092393927
2015-04-18T00:00:00Z,2015-04-19T00:00:00Z,16.3009456023,16.3009456023,16.3009456023
2015-04-18T00:00:00Z,2015-04-19T00:00:00Z,19.8365430577,19.8365430577,19.8365430577
2015-04-18T00:00:00Z,2015-04-19T00:00:00Z,21.59191598739286,20.3170672101,23.8574949602
2015-04-19T00:00:00Z,2015-04-20T00:00:00Z,-1.1956431448,-1.1976553741,-1.1936309155
2015-04-19T00:00:00Z,2015-04-20T00:00:00Z,-1.2432684722,-1.2432684722,-1.2432684722
2015-04-19T00:00:00Z,2015-04-20T00:00:00Z,-1.259890742,-1.259890742,-1.259890742
2015-04-19T00:00:00Z,2015-04-20T00:00:00Z,0.5869931657,0.5869931657,0.5869931657
2015-04-19T00:00:00Z,2015-04-20T00:00:00Z,7.3551472522,7.3457050751,7.3645894293
2015-04-19T00:00:00Z,2015-04-20T00:00:00Z,9.4588128301,9.4588128301,9.4588128301
2015-04-19T00:00:00Z,2015-04-20T00:00:00Z,13.79201167015,13.784080434,13.7999429063
2015-04-19T00:00:00Z,2015-04-20T00:00:00Z,15.6514476221,15.6514476221,15.6514476221
2015-04-19T00:00:00Z,2015-04-20T00:00:00Z,16.3485152617,16.3485152617,16.3485152617
2015-04-19T00:00:00Z,2015-04-20T00:00:00Z,21.240011140260002,19.9717170858,23.6378948248
2015-04-20T00:00:00Z,2015-04-21T00:00:00Z,-1.1645996797,-1.1645996797,-1.1645996797
2015-04-20T00:00:00Z,2015-04-21T00:00:00Z,-1.1448158834,-1.1448158834,-1.1448158834
2015-04-20T00:00:00Z,2015-04-21T00:00:00Z,-0.5854250756,-0.5854250756,-0.5854250756
2015-04-20T00:00:00Z,2015-04-21T00:00:00Z,1.8394963718000001,1.8102121967,1.8687805469
2015-04-20T00:00:00Z,2015-04-21T00:00:00Z,6.5108145178,6.423153762,6.5984752736
2015-04-20T00:00:00Z,2015-04-21T00:00:00Z,15.1082712674,15.1082712674,15.1082712674
2015-04-20T00:00:00Z,2015-04-21T00:00:00Z,14.7150718974,14.677730526,14.7524132688
2015-04-20T00:00:00Z,2015-04-21T00:00:00Z,15.2999765396,15.2999765396,15.2999765396
2015-04-20T00:00:00Z,2015-04-21T00:00:00Z,16.3716291573,16.3716291573,16.3716291573
2015-04-20T00:00:00Z,2015-04-21T00:00:00Z,18.6738706893,18.6738706893,18.6738706893
2015-04-20T00:00:00Z,2015-04-21T00:00:00Z,20.782758672507146,19.3563883517,22.7829481948
2015-04-21T00:00:00Z,2015-04-22T00:00:00Z,-1.146075857,-1.146075857,-1.146075857
2015-04-21T00:00:00Z,2015-04-22T00:00:00Z,-1.1974628406,-1.2188532775,-1.1760724037
2015-04-21T00:00:00Z,2015-04-22T00:00:00Z,-0.6616127073,-0.6616127073,-0.6616127073
2015-04-21T00:00:00Z,2015-04-22T00:00:00Z,4.1665029712,4.1665029712,4.1665029712
2015-04-21T00:00:00Z,2015-04-22T00:00:00Z,5.8303326176,5.8303326176,5.8303326176
2015-04-21T00:00:00Z,2015-04-22T00:00:00Z,5.7633623381,5.7633623381,5.7633623381
2015-04-21T00:00:00Z,2015-04-22T00:00:00Z,13.4163921606,13.4163921606,13.4163921606
2015-04-21T00:00:00Z,2015-04-22T00:00:00Z,14.3246045993,14.3246045993,14.3246045993
2015-04-21T00:00:00Z,2015-04-22T00:00:00Z,14.4196916457,14.4196916457,14.4196916457
2015-04-21T00:00:00Z,2015-04-22T00:00:00Z,14.4419848959,14.4419848959,14.4419848959
2015-04-21T00:00:00Z,2015-04-22T00:00:00Z,20.3519919556,19.3549162839,21.7730763747
2015-04-22T00:00:00Z,2015-04-23T00:00:00Z,-1.12895693235,-1.145938689,-1.1119751757
2015-04-22T00:00:00Z,2015-04-23T00:00:00Z,-1.3040921969,-1.3040921969,-1.3040921969
2015-04-22T00:00:00Z,2015-04-23T00:00:00Z,-0.1884637122,-0.1884637122,-0.1884637122
2015-04-22T00:00:00Z,2015-04-23T00:00:00Z,0.097017351,0.097017351,0.097017351
2015-04-22T00:00:00Z,2015-04-23T00:00:00Z,8.8653805529,8.8653805529,8.8653805529
2015-04-22T00:00:00Z,2015-04-23T00:00:00Z,11.9820130671,11.9820130671,11.9820130671
2015-04-22T00:00:00Z,2015-04-23T00:00:00Z,15.1267525384,15.1267525384,15.1267525384
2015-04-22T00:00:00Z,2015-04-23T00:00:00Z,15.8218661664,15.8218661664,15.8218661664
2015-04-22T00:00:00Z,2015-04-23T00:00:00Z,16.5009239223,16.5009239223,16.5009239223
2015-04-22T00:00:00Z,2015-04-23T00:00:00Z,20.877025537559998,19.6647531389,22.529667041
2015-04-23T00:00:00Z,2015-04-24T00:00:00Z,-1.2186297517,-1.2186297517,-1.2186297517
2015-04-23T00:00:00Z,2015-04-24T00:00:00Z,-1.1992787319,-1.1992787319,-1.1992787319
2015-04-23T00:00:00Z,2015-04-24T00:00:00Z,-1.0091269611,-1.0091269611,-1.0091269611
2015-04-23T00:00:00Z,2015-04-24T00:00:00Z,1.0132164381,1.0132164381,1.0132164381
2015-04-23T00:00:00Z,2015-04-24T00:00:00Z,4.4768116298,4.4768116298,4.4768116298
2015-04-23T00:00:00Z,2015-04-24T00:00:00Z,15.02393230725,14.9509508649,15.0969137496
2015-04-23T00:00:00Z,2015-04-24T00:00:00Z,15.0046139475,15.0046139475,15.0046139475
2015-04-23T00:00:00Z,2015-04-24T00:00:00Z,16.6955603078,16.6955603078,16.6955603078
2015-04-23T00:00:00Z,2015-04-24T00:00:00Z,18.9023246125,18.9023246125,18.9023246125
2015-04-23T00:00:00Z,2015-04-24T00:00:00Z,21.14021322589333,19.7390008183,23.0110772132
2015-04-24T00:00:00Z,2015-04-25T00:00:00Z,-1.168118316,-1.2325642027,-1.1036724293
2015-04-24T00:00:00Z,2015-04-25T00:00:00Z,-1.1807301582,-1.1807301582,-1.1807301582
2015-04-24T00:00:00Z,2015-04-25T00:00:00Z,-0.756242409,-0.756242409,-0.756242409
2015-04-24T00:00:00Z,2015-04-25T00:00:00Z,2.3587129067,2.3587129067,2.3587129067
2015-04-24T00:00:00Z,2015-04-25T00:00:00Z,11.3809113678,10.9346158551,11.8272068805
2015-04-24T00:00:00Z,2015-04-25T00:00:00Z,16.4791792284,16.4791792284,16.4791792284
2015-04-24T00:00:00Z,2015-04-25T00:00:00Z,17.7718404044,17.7718404044,17.7718404044
2015-04-24T00:00:00Z,2015-04-25T00:00:00Z,19.4702252043,19.4702252043,19.4702252043
2015-04-24T00:00:00Z,2015-04-25T00:00:00Z,22.157953415906665,19.965434774,23.1761163194
2015-04-25T00:00:00Z,2015-04-26T00:00:00Z,-1.2813113777,-1.2813113777,-1.2813113777
2015-04-25T00:00:00Z,2015-04-26T00:00:00Z,-1.3427527316,-1.3427527316,-1.3427527316
2015-04-25T00:00:00Z,2015-04-26T00:00:00Z,-1.3112850531,-1.3112850531,-1.3112850531
2015-04-25T00:00:00Z,2015-04-26T00:00:00Z,-1.3777826873,-1.3777826873,-1.3777826873
2015-04-25T00:00:00Z,2015-04-26T00:00:00Z,6.886588111,6.886588111,6.886588111
2015-04-25T00:00:00Z,2015-04-26T00:00:00Z,9.565800558,9.565800558,9.565800558
2015-04-25T00:00:00Z,2015-04-26T00:00:00Z,15.051635385033334,13.4816984721,15.8736731354
2015-04-25T00:00:00Z,2015-04-26T00:00:00Z,17.4827421467,17.4827421467,17.4827421467
2015-04-25T00:00:00Z,2015-04-26T00:00:00Z,17.3403091499,17.3403091499,17.3403091499
2015-04-25T00:00:00Z,2015-04-26T00:00:00Z,20.2128532112,20.2128532112,20.2128532112
2015-04-25T00:00:00Z,2015-04-26T00:00:00Z,21.962296153346664,20.782021408,22.9092696907
2015-04-26T00:00:00Z,2015-04-27T00:00:00Z,-1.2547392761,-1.2547392761,-1.2547392761
2015-04-26T00:00:00Z,2015-04-27T00:00:00Z,-0.5054225535,-0.5054225535,-0.5054225535
2015-04-26T00:00:00Z,2015-04-27T00:00:00Z,0.9862433246,0.9862433246,0.9862433246
2015-04-26T00:00:00Z,2015-04-27T00:00:00Z,2.4310998379,2.4310998379,2.4310998379
2015-04-26T00:00:00Z,2015-04-27T00:00:00Z,9.14789844795,8.3209994316,9.9747974643
2015-04-26T00:00:00Z,2015-04-27T00:00:00Z,13.8835428291,13.8835428291,13.8835428291
2015-04-26T00:00:00Z,2015-04-27T00:00:00Z,17.58743777675,17.5867117182,17.5881638353
2015-04-26T00:00:00Z,2015-04-27T00:00:00Z,19.6206171489,19.6206171489,19.6206171489
2015-04-26T00:00:00Z,2015-04-27T00:00:00Z,17.7409935233,17.7062277628,17.7757592838
2015-04-26T00:00:00Z,2015-04-27T00:00:00Z,21.454520099571425,20.4377470267,23.0437264741
2015-04-27T00:00:00Z,2015-04-28T00:00:00Z,-1.0952903544,-1.0952903544,-1.0952903544
2015-04-27T00:00:00Z,2015-04-28T00:00:00Z,-1.0417867445,-1.0417867445,-1.0417867445
2015-04-27T00:00:00Z,2015-04-28T00:00:00Z,-0.5567547863,-0.5567547863,-0.5567547863
2015-04-27T00:00:00Z,2015-04-28T00:00:00Z,5.46742326145,5.358004248,5.5768422749
2015-04-27T00:00:00Z,2015-04-28T00:00:00Z,10.5059719152,10.5059719152,10.5059719152
2015-04-27T00:00:00Z,2015-04-28T00:00:00Z,14.470207506666666,13.2413635509,16.7360188445
2015-04-27T00:00:00Z,2015-04-28T00:00:00Z,18.0317325784,18.0317325784,18.0317325784
2015-04-27T00:00:00Z,2015-04-28T00:00:00Z,20.1235298878,20.1235298878,20.1235298878
2015-04-27T00:00:00Z,2015-04-28T00:00:00Z,22.11445653479333,20.4684383687,23.7607879787
2015-04-28T00:00:00Z,2015-04-29T00:00:00Z,-1.1816273814,-1.1816273814,-1.1816273814
2015-04-28T00:00:00Z,2015-04-29T00:00:00Z,-1.1899630696,-1.1899630696,-1.1899630696
2015-04-28T00:00:00Z,2015-04-29T00:00:00Z,-0.9702917895000001,-0.9785223145,-0.9620612645
2015-04-28T00:00:00Z,2015-04-29T00:00:00Z,2.1327507621,2.1327507621,2.1327507621
2015-04-28T00:00:00Z,2015-04-29T00:00:00Z,11.1794555584,11.1036082998,11.255302817
2015-04-28T00:00:00Z,2015-04-29T00:00:00Z,12.8792640941,12.8792640941,12.8792640941
2015-04-28T00:00:00Z,2015-04-29T00:00:00Z,17.361557254,17.361557254,17.361557254
2015-04-28T00:00:00Z,2015-04-29T00:00:00Z,17.4074616609,17.4074616609,17.4074616609
2015-04-28T00:00:00Z,2015-04-29T00:00:00Z,19.0605800894,19.0605800894,19.0605800894
2015-04-28T00:00:00Z,2015-04-29T00:00:00Z,22.002744311713336,20.5895827197,23.1261100576
2015-04-29T00:00:00Z,2015-04-30T00:00:00Z,-0.9596547936,-1.0324585222,-0.886851065
2015-04-29T00:00:00Z,2015-04-30T00:00:00Z,-1.1990068085,-1.1990068085,-1.1990068085
2015-04-29T00:00:00Z,2015-04-30T00:00:00Z,-0.9645424808,-0.9645424808,-0.9645424808
2015-04-29T00:00:00Z,2015-04-30T00:00:00Z,-1.0536296233,-1.0536296233,-1.0536296233
2015-04-29T00:00:00Z,2015-04-30T00:00:00Z,11.34609948525,11.3360263237,11.3561726468
2015-04-29T00:00:00Z,2015-04-30T00:00:00Z,13.8893971424,13.8893971424,13.8893971424
2015-04-29T00:00:00Z,2015-04-30T00:00:00Z,15.387542471,15.387542471,15.387542471
2015-04-29T00:00:00Z,2015-04-30T00:00:00Z,16.8055282218,16.8055282218,16.8055282218
2015-04-29T00:00:00Z,2015-04-30T00:00:00Z,22.6648861101,22.6648861101,22.6648861101
2015-04-29T00:00:00Z,2015-04-30T00:00:00Z,22.07900682318,20.0579044369,23.2954681325
2015-04-30T00:00:00Z,2015-05-01T00:00:00Z,-1.0667209686999999,-1.1163095363,-1.0171324011
2015-04-30T00:00:00Z,2015-05-01T00:00:00Z,-1.1562804495,-1.1562804495,-1.1562804495
2015-04-30T00:00:00Z,2015-05-01T00:00:00Z,-1.1849437737,-1.1849437737,-1.1849437737
2015-04-30T00:00:00Z,2015-05-01T00:00:00Z,9.1038430288,9.1038430288,9.1038430288
2015-04-30T00:00:00Z,2015-05-01T00:00:00Z,9.22057100775,9.1984009872,9.2427410283
2015-04-30T00:00:00Z,2015-05-01T00:00:00Z,12.1462206737,12.1462206737,12.1462206737
2015-04-30T00:00:00Z,2015-05-01T00:00:00Z,14.9260434352,14.9260434352,14.9260434352
2015-04-30T00:00:00Z,2015-05-01T00:00:00Z,19.045089136,18.5597924128,19.5303858592
2015-04-30T00:00:00Z,2015-05-01T00:00:00Z,21.793577994606668,20.0915643521,22.9975387311
2015-05-01T00:00:00Z,2015-05-02T00:00:00Z,-1.2486927332,-1.2565778072,-1.2408076592
2015-05-01T00:00:00Z,2015-05-02T00:00:00Z,-0.1153898166,-0.1153898166,-0.1153898166
2015-05-01T00:00:00Z,2015-05-02T00:00:00Z,0.2823846283,0.223051403,0.3417178536
2015-05-01T00:00:00Z,2015-05-02T00:00:00Z,4.7885805638,4.7885805638,4.7885805638
2015-05-01T00:00:00Z,2015-05-02T00:00:00Z,13.5634194781,13.5634194781,13.5634194781
2015-05-01T00:00:00Z,2015-05-02T00:00:00Z,14.5362230034,14.5362230034,14.5362230034
2015-05-01T00:00:00Z,2015-05-02T00:00:00Z,17.5770535638,17.5770535638,17.5770535638
2015-05-01T00:00:00Z,2015-05-02T00:00:00Z,17.4383408829,17.4383408829,17.4383408829
2015-05-01T00:00:00Z,2015-05-02T00:00:00Z,20.7370236798,20.7370236798,20.7370236798
2015-05-01T00:00:00Z,2015-05-02T00:00:00Z,21.90929320837858,19.6428296028,23.0829228451
2015-05-02T00:00:00Z,2015-05-03T00:00:00Z,-1.1667273318,-1.1667273318,-1.1667273318
2015-05-02T00:00:00Z,2015-05-03T00:00:00Z,-1.2460854546,-1.2460854546,-1.2460854546
2015-05-02T00:00:00Z,2015-05-03T00:00:00Z,-0.9992802961,-1.2321863408,-0.7663742514
2015-05-02T00:00:00Z,2015-05-03T00:00:00Z,4.0256480305,4.0256480305,4.0256480305
2015-05-02T00:00:00Z,2015-05-03T00:00:00Z,13.3684115612,13.2747622236,13.4620608988
2015-05-02T00:00:00Z,2015-05-03T00:00:00Z,11.5357291039,11.5357291039,11.5357291039
2015-05-02T00:00:00Z,2015-05-03T00:00:00Z,15.6395545498,15.6395545498,15.6395545498
2015-05-02T00:00:00Z,2015-05-03T00:00:00Z,20.4805325974,20.4805325974,20.4805325974
2015-05-02T00:00:00Z,2015-05-03T00:00:00Z,20.3508821499,20.3508821499,20.3508821499
2015-05-02T00:00:00Z,2015-05-03T00:00:00Z,22.10422964162143,21.1094473002,23.1839518567
2015-05-03T00:00:00Z,2015-05-04T00:00:00Z,-1.1507483375,-1.1507483375,-1.1507483375
2015-05-03T00:00:00Z,2015-05-04T00:00:00Z,-0.6749703249,-0.6749703249,-0.6749703249
2015-05-03T00:00:00Z,2015-05-04T00:00:00Z,-0.2811707102,-0.2811707102,-0.2811707102
2015-05-03T00:00:00Z,2015-05-04T00:00:00Z,7.4860504919,7.4860504919,7.4860504919
2015-05-03T00:00:00Z,2015-05-04T00:00:00Z,7.8934184716,7.8934184716,7.8934184716
2015-05-03T00:00:00Z,2015-05-04T00:00:00Z,14.1926153153,14.1926153153,14.1926153153
2015-05-03T00:00:00Z,2015-05-04T00:00:00Z,14.981975305599999,14.9500236646,15.0139269466
2015-05-03T00:00:00Z,2015-05-04T00:00:00Z,15.92213905005,15.8435615543,16.0007165458
2015-05-03T00:00:00Z,2015-05-04T00:00:00Z,15.9393302406,15.9393302406,15.9393302406
2015-05-03T00:00:00Z,2015-05-04T00:00:00Z,16.0460855475,16.0460855475,16.0460855475
2015-05-03T00:00:00Z,2015-05-04T00:00:00Z,21.135997649973334,19.7909745946,22.3732425735
2015-05-04T00:00:00Z,2015-05-05T00:00:00Z,-1.1220457192,-1.1220457192,-1.1220457192
2015-05-04T00:00:00Z,2015-05-05T00:00:00Z,-0.9989233097,-0.9989233097,-0.9989233097
2015-05-04T00:00:00Z,2015-05-05T00:00:00Z,-1.0504032767,-1.0504032767,-1.0504032767
2015-05-04T00:00:00Z,2015-05-05T00:00:00Z,3.28256062,3.28256062,3.28256062
2015-05-04T00:00:00Z,2015-05-05T00:00:00Z,5.7184631473,5.7184631473,5.7184631473
2015-05-04T00:00:00Z,2015-05-05T00:00:00Z,14.7316104468,14.7316104468,14.7316104468
2015-05-04T00:00:00Z,2015-05-05T00:00:00Z,15.5446774955,15.5446774955,15.5446774955
2015-05-04T00:00:00Z,2015-05-05T00:00:00Z,17.1587610193,17.1587610193,17.1587610193
2015-05-04T00:00:00Z,2015-05-05T00:00:00Z,16.6298573496,16.6298573496,16.6298573496
2015-05-04T00:00:00Z,2015-05-05T00:00:00Z,21.252942345593336,20.2085626976,22.6146155025
2015-05-05T00:00:00Z,2015-05-06T00:00:00Z,-1.2405320088,-1.2405320088,-1.2405320088
2015-05-05T00:00:00Z,2015-05-06T00:00:00Z,-1.1840879866,-1.1840879866,-1.1840879866
2015-05-05T00:00:00Z,2015-05-06T00:00:00Z,-1.1481650371,-1.1481650371,-1.1481650371
2015-05-05T00:00:00Z,2015-05-06T00:00:00Z,-0.1690228683,-0.2516719587,-0.0863737779
2015-05-05T00:00:00Z,2015-05-06T00:00:00Z,0.079176135,0.079176135,0.079176135
2015-05-05T00:00:00Z,2015-05-06T00:00:00Z,2.067806684,2.067806684,2.067806684
2015-05-05T00:00:00Z,2015-05-06T00:00:00Z,10.5606155134,10.5606155134,10.5606155134
2015-05-05T00:00:00Z,2015-05-06T00:00:00Z,16.3992913848,16.3992913848,16.3992913848
2015-05-05T00:00:00Z,2015-05-06T00:00:00Z,16.4732623385,16.4732623385,16.4732623385
2015-05-05T00:00:00Z,2015-05-06T00:00:00Z,16.9629082542,16.9629082542,16.9629082542
2015-05-05T00:00:00Z,2015-05-06T00:00:00Z,20.68066466165,17.809123829,23.1371967014
2015-05-06T00:00:00Z,2015-05-07T00:00:00Z,-1.1678514195,-1.1678514195,-1.1678514195
2015-05-06T00:00:00Z,2015-05-07T00:00:00Z,-1.2799003953499999,-1.296607296,-1.2631934947
2015-05-06T00:00:00Z,2015-05-07T00:00:00Z,-0.3085599701,-0.3085599701,-0.3085599701
2015-05-06T00:00:00Z,2015-05-07T00:00:00Z,3.5418446015,3.5418446015,3.5418446015
2015-05-06T00:00:00Z,2015-05-07T00:00:00Z,6.6469884753,6.6469884753,6.6469884753
2015-05-06T00:00:00Z,2015-05-07T00:00:00Z,15.1711277033,15.1210794457,15.2211759609
2015-05-06T00:00:00Z,2015-05-07T00:00:00Z,17.111912859,17.111912859,17.111912859
2015-05-06T00:00:00Z,2015-05-07T00:00:00Z,16.94790635065,16.8803501886,17.0154625127
2015-05-06T00:00:00Z,2015-05-07T00:00:00Z,20.140343558926663,16.7441940113,21.7017404598
2015-05-07T00:00:00Z,2015-05-08T00:00:00Z,-1.2117840406,-1.2247045369,-1.1988635443
2015-05-07T00:00:00Z,2015-05-08T00:00:00Z,-0.9707182351,-0.9707182351,-0.9707182351
2015-05-07T00:00:00Z,2015-05-08T00:00:00Z,1.4590236705,1.4590236705,1.4590236705
2015-05-07T00:00:00Z,2015-05-08T00:00:00Z,13.6648468379,13.6648468379,13.6648468379
2015-05-07T00:00:00Z,2015-05-08T00:00:00Z,15.5788892001,15.5788892001,15.5788892001
2015-05-07T00:00:00Z,2015-05-08T00:00:00Z,17.8780113452,17.8780113452,17.8780113452
2015-05-07T00:00:00Z,2015-05-08T00:00:00Z,16.8556909603,16.8556909603,16.8556909603
2015-05-07T00:00:00Z,2015-05-08T00:00:00Z,16.5981688728,16.5981688728,16.5981688728
2015-05-07T00:00:00Z,2015-05-08T00:00:00Z,16.6670917201,16.6670917201,16.6670917201
2015-05-07T00:00:00Z,2015-05-08T00:00:00Z,18.7961463483,18.7961463483,18.7961463483
2015-05-07T00:00:00Z,2015-05-08T00:00:00Z,18.593987227007144,17.0401861797,22.4160136419
2015-05-08T00:00:00Z,2015-05-09T00:00:00Z,-1.16536908,-1.16536908,-1.16536908
2015-05-08T00:00:00Z,2015-05-09T00:00:00Z,-1.1864326418,-1.1864326418,-1.1864326418
2015-05-08T00:00:00Z,2015-05-09T00:00:00Z,-0.17551099185000002,-0.2000327187,-0.150989265
2015-05-08T00:00:00Z,2015-05-09T00:00:00Z,-0.472287878,-0.472287878,-0.472287878
2015-05-08T00:00:00Z,2015-05-09T00:00:00Z,5.6934595118,5.6934595118,5.6934595118
2015-05-08T00:00:00Z,2015-05-09T00:00:00Z,10.6999403805,10.6999403805,10.6999403805
2015-05-08T00:00:00Z,2015-05-09T00:00:00Z,16.8184566895,16.8184566895,16.8184566895
2015-05-08T00:00:00Z,2015-05-09T00:00:00Z,16.8148211197,16.8148211197,16.8148211197
2015-05-08T00:00:00Z,2015-05-09T00:00:00Z,16.960575965,16.960575965,16.960575965
2015-05-08T00:00:00Z,2015-05-09T00:00:00Z,16.9240455834,16.9138063795,16.9342847873
2015-05-08T00:00:00Z,2015-05-09T00:00:00Z,18.103043665064284,16.6059621769,19.7679236405
2015-05-09T00:00:00Z,2015-05-10T00:00:00Z,-1.1422466302,-1.1422466302,-1.1422466302
2015-05-09T00:00:00Z,2015-05-10T00:00:00Z,-1.2176962372,-1.2176962372,-1.2176962372
2015-05-09T00:00:00Z,2015-05-10T00:00:00Z,-1.28201600945,-1.3145695769,-1.249462442
2015-05-09T00:00:00Z,2015-05-10T00:00:00Z,1.8736076673,1.8736076673,1.8736076673
2015-05-09T00:00:00Z,2015-05-10T00:00:00Z,4.7265737253,4.7265737253,4.7265737253
2015-05-09T00:00:00Z,2015-05-10T00:00:00Z,13.8555733495,13.8555733495,13.8555733495
2015-05-09T00:00:00Z,2015-05-10T00:00:00Z,17.436630104,17.436630104,17.436630104
2015-05-09T00:00:00Z,2015-05-10T00:00:00Z,16.6714436824,16.6714436824,16.6714436824
2015-05-09T00:00:00Z,2015-05-10T00:00:00Z,16.514875837566667,16.4614482948,16.6123008637
2015-05-09T00:00:00Z,2015-05-10T00:00:00Z,18.69398589892143,16.4809899513,20.7253940466
2015-05-10T00:00:00Z,2015-05-11T00:00:00Z,-1.1806672952333332,-1.2166465768,-1.1466908315
2015-05-10T00:00:00Z,2015-05-11T00:00:00Z,-1.2071575783,-1.2071575783,-1.2071575783
2015-05-10T00:00:00Z,2015-05-11T00:00:00Z,1.5216145538,1.5216145538,1.5216145538
2015-05-10T00:00:00Z,2015-05-11T00:00:00Z,7.9245052979,7.9245052979,7.9245052979
2015-05-10T00:00:00Z,2015-05-11T00:00:00Z,16.8161086791,16.8161086791,16.8161086791
2015-05-10T00:00:00Z,2015-05-11T00:00:00Z,16.6882938704,16.6882938704,16.6882938704
2015-05-10T00:00:00Z,2015-05-11T00:00:00Z,16.6654132276,16.6654132276,16.6654132276
2015-05-10T00:00:00Z,2015-05-11T00:00:00Z,16.8314889058,16.8314889058,16.8314889058
2015-05-10T00:00:00Z,2015-05-11T00:00:00Z,17.2011541886,17.2011541886,17.2011541886
2015-05-10T00:00:00Z,2015-05-11T00:00:00Z,18.091640980364282,16.9768440158,19.0198563016
2015-05-11T00:00:00Z,2015-05-12T00:00:00Z,-1.1350185857,-1.1350185857,-1.1350185857
2015-05-11T00:00:00Z,2015-05-12T00:00:00Z,-1.3356362399,-1.3356362399,-1.3356362399
2015-05-11T00:00:00Z,2015-05-12T00:00:00Z,0.9954643941,0.9954643941,0.9954643941
2015-05-11T00:00:00Z,2015-05-12T00:00:00Z,4.3666300762,4.3666300762,4.3666300762
2015-05-11T00:00:00Z,2015-05-12T00:00:00Z,10.8139759714,10.8139759714,10.8139759714
2015-05-11T00:00:00Z,2015-05-12T00:00:00Z,13.3677450358,13.3677450358,13.3677450358
2015-05-11T00:00:00Z,2015-05-12T00:00:00Z,16.8590455332,16.8590455332,16.8590455332
2015-05-11T00:00:00Z,2015-05-12T00:00:00Z,16.7769254298,16.7769254298,16.7769254298
2015-05-11T00:00:00Z,2015-05-12T00:00:00Z,16.8843334738,16.8843334738,16.8843334738
2015-05-11T00:00:00Z,2015-05-12T00:00:00Z,18.34211038235625,16.9973293025,20.6642450057
2015-05-12T00:00:00Z,2015-05-13T00:00:00Z,-1.2536598616,-1.2536598616,-1.2536598616
2015-05-12T00:00:00Z,2015-05-13T00:00:00Z,-1.1358109824,-1.1358109824,-1.1358109824
2015-05-12T00:00:00Z,2015-05-13T00:00:00Z,-0.3104047652,-0.3104047652,-0.3104047652
2015-05-12T00:00:00Z,2015-05-13T00:00:00Z,2.8364921917,2.8364921917,2.8364921917
2015-05-12T00:00:00Z,2015-05-13T00:00:00Z,11.4576910292,11.4576910292,11.4576910292
2015-05-12T00:00:00Z,2015-05-13T00:00:00Z,16.0966612904,16.0966612904,16.0966612904
2015-05-12T00:00:00Z,2015-05-13T00:00:00Z,17.1965888898,17.1965888898,17.1965888898
2015-05-12T00:00:00Z,2015-05-13T00:00:00Z,17.0433014799,17.0433014799,17.0433014799
2015-05-12T00:00:00Z,2015-05-13T00:00:00Z,18.60920577285625,17.2405544595,19.4987179392
2015-05-13T00:00:00Z,2015-05-14T00:00:00Z,-1.1711750429,-1.1711750429,-1.1711750429
2015-05-13T00:00:00Z,2015-05-14T00:00:00Z,-1.3165895156,-1.3165895156,-1.3165895156
2015-05-13T00:00:00Z,2015-05-14T00:00:00Z,-0.979456348,-0.979456348,-0.979456348
2015-05-13T00:00:00Z,2015-05-14T00:00:00Z,-0.9758826751,-0.9758826751,-0.9758826751
2015-05-13T00:00:00Z,2015-05-14T00:00:00Z,0.6310011674,0.6310011674,0.6310011674
2015-05-13T00:00:00Z,2015-05-14T00:00:00Z,10.072744566899999,10.0190612761,10.1264278577
2015-05-13T00:00:00Z,2015-05-14T00:00:00Z,11.55669257105,11.511514073,11.6018710691
2015-05-13T00:00:00Z,2015-05-14T00:00:00Z,14.4700779825,14.4700779825,14.4700779825
2015-05-13T00:00:00Z,2015-05-14T00:00:00Z,14.2949325254,14.2949325254,14.2949325254
2015-05-13T00:00:00Z,2015-05-14T00:00:00Z,16.14237671355,16.0837335703,16.2010198568
2015-05-13T00:00:00Z,2015-05-14T00:00:00Z,19.4113150757,19.4113150757,19.4113150757
2015-05-13T00:00:00Z,2015-05-14T00:00:00Z,19.178532119570587,18.0240855016,20.4209047247
2015-05-14T00:00:00Z,2015-05-15T00:00:00Z,-1.2563343981,-1.2563343981,-1.2563343981
2015-05-14T00:00:00Z,2015-05-15T00:00:00Z,-1.0206845509,-1.0206845509,-1.0206845509
2015-05-14T00:00:00Z,2015-05-15T00:00:00Z,-1.0721866005,-1.0721866005,-1.0721866005
2015-05-14T00:00:00Z,2015-05-15T00:00:00Z,4.4692364841,4.4692364841,4.4692364841
2015-05-14T00:00:00Z,2015-05-15T00:00:00Z,8.6522502729,8.6522502729,8.6522502729
2015-05-14T00:00:00Z,2015-05-15T00:00:00Z,11.037834813,11.037834813,11.037834813
2015-05-14T00:00:00Z,2015-05-15T00:00:00Z,14.9858843937,14.9858843937,14.9858843937
2015-05-14T00:00:00Z,2015-05-15T00:00:00Z,16.4629204289,16.4629204289,16.4629204289
2015-05-14T00:00:00Z,2015-05-15T00:00:00Z,19.3120623987,19.3120623987,19.3120623987
2015-05-14T00:00:00Z,2015-05-15T00:00:00Z,20.074629199633332,19.0396683104,20.5704296266
2015-05-15T00:00:00Z,2015-05-16T00:00:00Z,-1.1663141999,-1.1663141999,-1.1663141999
2015-05-15T00:00:00Z,2015-05-16T00:00:00Z,-1.1748115912,-1.1748115912,-1.1748115912
2015-05-15T00:00:00Z,2015-05-16T00:00:00Z,-1.3057644447,-1.3057644447,-1.3057644447
2015-05-15T00:00:00Z,2015-05-16T00:00:00Z,1.64882271615,1.5562404949,1.7414049374
2015-05-15T00:00:00Z,2015-05-16T00:00:00Z,1.6441221945,1.6441221945,1.6441221945
2015-05-15T00:00:00Z,2015-05-16T00:00:00Z,7.6074954056,7.6074954056,7.6074954056
2015-05-15T00:00:00Z,2015-05-16T00:00:00Z,14.4601079791,14.4601079791,14.4601079791
2015-05-15T00:00:00Z,2015-05-16T00:00:00Z,18.2499507556,18.2499507556,18.2499507556
2015-05-15T00:00:00Z,2015-05-16T00:00:00Z,17.189519296433332,16.7012767451,18.0144652623
2015-05-15T00:00:00Z,2015-05-16T00:00:00Z,21.590312736942856,20.113223974,23.0536280809
2015-05-16T00:00:00Z,2015-05-17T00:00:00Z,-1.2633244491,-1.2633244491,-1.2633244491
2015-05-16T00:00:00Z,2015-05-17T00:00:00Z,-1.338798762,-1.338798762,-1.338798762
2015-05-16T00:00:00Z,2015-05-17T00:00:00Z,-0.8658474094,-0.8658474094,-0.8658474094
2015-05-16T00:00:00Z,2015-05-17T00:00:00Z,-0.6672149645,-0.6672149645,-0.6672149645
2015-05-16T00:00:00Z,2015-05-17T00:00:00Z,15.1258680804,15.1258680804,15.1258680804
2015-05-16T00:00:00Z,2015-05-17T00:00:00Z,12.0607883036,12.0607883036,12.0607883036
2015-05-16T00:00:00Z,2015-05-17T00:00:00Z,15.03698983,15.03698983,15.03698983
2015-05-16T00:00:00Z,2015-05-17T00:00:00Z,18.4098890453,18.4098890453,18.4098890453
2015-05-16T00:00:00Z,2015-05-17T00:00:00Z,18.579083482850002,18.5581205772,18.6000463885
2015-05-16T00:00:00Z,2015-05-17T00:00:00Z,20.2278557865,20.2278557865,20.2278557865
2015-05-16T00:00:00Z,2015-05-17T00:00:00Z,22.5753170152,22.5753170152,22.5753170152
2015-05-16T00:00:00Z,2015-05-17T00:00:00Z,22.322825785846156,21.4063689722,22.8199341322
2015-05-17T00:00:00Z,2015-05-18T00:00:00Z,-1.5461818924,-1.5461818924,-1.5461818924
2015-05-17T00:00:00Z,2015-05-18T00:00:00Z,-1.3387109198,-1.3551070512,-1.3223147884
2015-05-17T00:00:00Z,2015-05-18T00:00:00Z,-0.4503492473,-0.4503492473,-0.4503492473
2015-05-17T00:00:00Z,2015-05-18T00:00:00Z,4.2461141444,4.2461141444,4.2461141444
2015-05-17T00:00:00Z,2015-05-18T00:00:00Z,4.884894817,4.884894817,4.884894817
2015-05-17T00:00:00Z,2015-05-18T00:00:00Z,17.4694239152,17.4694239152,17.4694239152
2015-05-17T00:00:00Z,2015-05-18T00:00:00Z,17.987857359899998,17.4787219985,18.4969927213
2015-05-17T00:00:00Z,2015-05-18T00:00:00Z,18.416082097500002,18.3649207803,18.4672434147
2015-05-17T00:00:00Z,2015-05-18T00:00:00Z,21.2000441902,21.2000441902,21.2000441902
2015-05-17T00:00:00Z,2015-05-18T00:00:00Z,22.415863873,22.415863873,22.415863873
2015-05-17T00:00:00Z,2015-05-18T00:00:00Z,22.207235614466665,21.0461478872,23.4060874449
2015-05-18T00:00:00Z,2015-05-19T00:00:00Z,-1.4533097659,-1.4533097659,-1.4533097659
2015-05-18T00:00:00Z,2015-05-19T00:00:00Z,-1.219023407,-1.219023407,-1.219023407
2015-05-18T00:00:00Z,2015-05-19T00:00:00Z,-1.1494706983,-1.1494706983,-1.1494706983
2015-05-18T00:00:00Z,2015-05-19T00:00:00Z,1.3816008218,1.3816008218,1.3816008218
2015-05-18T00:00:00Z,2015-05-19T00:00:00Z,14.4579662314,13.7127293407,15.2032031221
2015-05-18T00:00:00Z,2015-05-19T00:00:00Z,17.3561096306,17.3561096306,17.3561096306
2015-05-18T00:00:00Z,2015-05-19T00:00:00Z,21.4205171604,21.4205171604,21.4205171604
2015-05-18T00:00:00Z,2015-05-19T00:00:00Z,21.25592822,21.25592822,21.25592822
2015-05-18T00:00:00Z,2015-05-19T00:00:00Z,23.43890365569333,21.8641774383,24.7944608488
2015-05-19T00:00:00Z,2015-05-20T00:00:00Z,-1.5626662197666665,-1.626249151,-1.4608656448
2015-05-19T00:00:00Z,2015-05-20T00:00:00Z,-1.1042304092,-1.1042304092,-1.1042304092
2015-05-19T00:00:00Z,2015-05-20T00:00:00Z,0.7999978161,0.7999978161,0.7999978161
2015-05-19T00:00:00Z,2015-05-20T00:00:00Z,2.6119773361,2.6119773361,2.6119773361
2015-05-19T00:00:00Z,2015-05-20T00:00:00Z,16.1122658039,16.1122658039,16.1122658039
2015-05-19T00:00:00Z,2015-05-20T00:00:00Z,19.6738140813,19.6738140813,19.6738140813
2015-05-19T00:00:00Z,2015-05-20T00:00:00Z,19.2757281791,19.2757281791,19.2757281791
2015-05-19T00:00:00Z,2015-05-20T00:00:00Z,20.7365389969,20.7365389969,20.7365389969
2015-05-19T00:00:00Z,2015-05-20T00:00:00Z,24.7040732338,24.7040732338,24.7040732338
2015-05-19T00:00:00Z,2015-05-20T00:00:00Z,24.593301785057143,22.1174559398,25.6800168757
2015-05-20T00:00:00Z,2015-05-21T00:00:00Z,-1.3301717416,-1.3301717416,-1.3301717416
2015-05-20T00:00:00Z,2015-05-21T00:00:00Z,-1.2126163879,-1.2126163879,-1.2126163879
2015-05-20T00:00:00Z,2015-05-21T00:00:00Z,-1.0747545741,-1.0747545741,-1.0747545741
2015-05-20T00:00:00Z,2015-05-21T00:00:00Z,1.7011187976,1.7011187976,1.7011187976
2015-05-20T00:00:00Z,2015-05-21T00:00:00Z,9.8185100111,9.8185100111,9.8185100111
2015-05-20T00:00:00Z,2015-05-21T00:00:00Z,9.7304617798,9.7304617798,9.7304617798
2015-05-20T00:00:00Z,2015-05-21T00:00:00Z,14.1511169107,14.1511169107,14.1511169107
2015-05-20T00:00:00Z,2015-05-21T00:00:00Z,15.2703248992,15.2703248992,15.2703248992
2015-05-20T00:00:00Z,2015-05-21T00:00:00Z,18.20114848315,18.0930869726,18.3092099937
2015-05-20T00:00:00Z,2015-05-21T00:00:00Z,22.2043516636,22.2043516636,22.2043516636
2015-05-20T00:00:00Z,2015-05-21T00:00:00Z,24.4195142785,24.4195142785,24.4195142785
2015-05-20T00:00:00Z,2015-05-21T00:00:00Z,23.871850587828572,21.4384180135,25.309691894
2015-05-21T00:00:00Z,2015-05-22T00:00:00Z,-0.90340353355,-0.9066672725,-0.9001397946
2015-05-21T00:00:00Z,2015-05-22T00:00:00Z,-1.2700783454,-1.2700783454,-1.2700783454
2015-05-21T00:00:00Z,2015-05-22T00:00:00Z,-0.8686519989,-0.8686519989,-0.8686519989
2015-05-21T00:00:00Z,2015-05-22T00:00:00Z,11.6584386386,11.6488995971,11.6679776801
2015-05-21T00:00:00Z,2015-05-22T00:00:00Z,7.3477761787,7.3477761787,7.3477761787
2015-05-21T00:00:00Z,2015-05-22T00:00:00Z,12.35526488,12.35526488,12.35526488
2015-05-21T00:00:00Z,2015-05-22T00:00:00Z,18.2529535347,18.2529535347,18.2529535347
2015-05-21T00:00:00Z,2015-05-22T00:00:00Z,16.5328822556,16.5328822556,16.5328822556
2015-05-21T00:00:00Z,2015-05-22T00:00:00Z,20.1781727143,20.1781727143,20.1781727143
2015-05-21T00:00:00Z,2015-05-22T00:00:00Z,23.686981322653335,22.2350635181,24.7994320283
2015-05-22T00:00:00Z,2015-05-23T00:00:00Z,-1.0951119716500002,-1.1313290568,-1.0588948865
2015-05-22T00:00:00Z,2015-05-23T00:00:00Z,-1.0912038745,-1.0912038745,-1.0912038745
2015-05-22T00:00:00Z,2015-05-23T00:00:00Z,0.9863299218666667,-0.3521098241,1.6645234617
2015-05-22T00:00:00Z,2015-05-23T00:00:00Z,4.7599366822,4.7599366822,4.7599366822
2015-05-22T00:00:00Z,2015-05-23T00:00:00Z,14.7230610446,14.7230610446,14.7230610446
2015-05-22T00:00:00Z,2015-05-23T00:00:00Z,15.18667627045,15.1132274689,15.260125072
2015-05-22T00:00:00Z,2015-05-23T00:00:00Z,18.535715112,18.535715112,18.535715112
2015-05-22T00:00:00Z,2015-05-23T00:00:00Z,24.4172977333,24.4172977333,24.4172977333
2015-05-22T00:00:00Z,2015-05-23T00:00:00Z,24.094858216992858,23.1509701838,25.3841920178
2015-05-23T00:00:00Z,2015-05-24T00:00:00Z,-0.9544983575,-0.9544983575,-0.9544983575
2015-05-23T00:00:00Z,2015-05-24T00:00:00Z,-1.1083965065,-1.1083965065,-1.1083965065
2015-05-23T00:00:00Z,2015-05-24T00:00:00Z,-1.034285345,-1.034285345,-1.034285345
2015-05-23T00:00:00Z,2015-05-24T00:00:00Z,0.9573411288,0.9573411288,0.9573411288
2015-05-23T00:00:00Z,2015-05-24T00:00:00Z,10.50846978065,10.1128573309,10.9040822304
2015-05-23T00:00:00Z,2015-05-24T00:00:00Z,14.8785584376,14.8785584376,14.8785584376
2015-05-23T00:00:00Z,2015-05-24T00:00:00Z,17.733372676,17.733372676,17.733372676
2015-05-23T00:00:00Z,2015-05-24T00:00:00Z,16.0497437636,16.0497437636,16.0497437636
2015-05-23T00:00:00Z,2015-05-24T00:00:00Z,18.7496767386,18.7230197008,18.7763337764
2015-05-23T00:00:00Z,2015-05-24T00:00:00Z,24.50569741087857,22.9769896037,25.2583311886
2015-05-24T00:00:00Z,2015-05-25T00:00:00Z,-1.1846500401,-1.1846500401,-1.1846500401
2015-05-24T00:00:00Z,2015-05-25T00:00:00Z,-0.9076903162,-0.9076903162,-0.9076903162
2015-05-24T00:00:00Z,2015-05-25T00:00:00Z,0.6415560598,0.6415560598,0.6415560598
2015-05-24T00:00:00Z,2015-05-25T00:00:00Z,7.3132987417,7.3132987417,7.3132987417
2015-05-24T00:00:00Z,2015-05-25T00:00:00Z,6.05198852675,5.9988776401,6.1050994134
2015-05-24T00:00:00Z,2015-05-25T00:00:00Z,14.5126603952,14.5126603952,14.5126603952
2015-05-24T00:00:00Z,2015-05-25T00:00:00Z,15.7009960696,15.7009960696,15.7009960696
2015-05-24T00:00:00Z,2015-05-25T00:00:00Z,15.8323988532,15.8323988532,15.8323988532
2015-05-24T00:00:00Z,2015-05-25T00:00:00Z,17.0876271236,17.0819710894,17.0932831578
2015-05-24T00:00:00Z,2015-05-25T00:00:00Z,24.26007144895,24.2402423313,24.2799005666
2015-05-24T00:00:00Z,2015-05-25T00:00:00Z,24.739199435966665,24.1851626355,25.2479985183
2015-05-25T00:00:00Z,2015-05-26T00:00:00Z,-1.3460496983,-1.3460496983,-1.3460496983
2015-05-25T00:00:00Z,2015-05-26T00:00:00Z,-1.2804554581,-1.2804554581,-1.2804554581
2015-05-25T00:00:00Z,2015-05-26T00:00:00Z,-1.2946029316,-1.2946029316,-1.2946029316
2015-05-25T00:00:00Z,2015-05-26T00:00:00Z,1.1068339952,1.1068339952,1.1068339952
2015-05-25T00:00:00Z,2015-05-26T00:00:00Z,8.811813145,8.811813145,8.811813145
2015-05-25T00:00:00Z,2015-05-26T00:00:00Z,12.6461832259,12.6461832259,12.6461832259
2015-05-25T00:00:00Z,2015-05-26T00:00:00Z,14.9301524354,14.9301524354,14.9301524354
2015-05-25T00:00:00Z,2015-05-26T00:00:00Z,19.7267832402,17.9242507829,21.5293156975
2015-05-25T00:00:00Z,2015-05-26T00:00:00Z,24.987969691573333,24.0856967788,25.8447140471
2015-05-26T00:00:00Z,2015-05-27T00:00:00Z,-1.2485121453,-1.2485121453,-1.2485121453
2015-05-26T00:00:00Z,2015-05-27T00:00:00Z,-1.7107670023,-1.7107670023,-1.7107670023
2015-05-26T00:00:00Z,2015-05-27T00:00:00Z,-1.2833603572,-1.2833603572,-1.2833603572
2015-05-26T00:00:00Z,2015-05-27T00:00:00Z,2.8578738843,2.8578738843,2.8578738843
2015-05-26T00:00:00Z,2015-05-27T00:00:00Z,9.2585395385,9.2585395385,9.2585395385
2015-05-26T00:00:00Z,2015-05-27T00:00:00Z,13.7979006572,13.7979006572,13.7979006572
2015-05-26T00:00:00Z,2015-05-27T00:00:00Z,17.487154508,17.487154508,17.487154508
2015-05-26T00:00:00Z,2015-05-27T00:00:00Z,16.8665821045,16.8665821045,16.8665821045
2015-05-26T00:00:00Z,2015-05-27T00:00:00Z,21.5512348852,21.442520028,21.6599497424
2015-05-26T00:00:00Z,2015-05-27T00:00:00Z,25.1909062557,25.1909062557,25.1909062557
2015-05-26T00:00:00Z,2015-05-27T00:00:00Z,24.138467127166663,22.5881513155,25.6541054283
2015-05-27T00:00:00Z,2015-05-28T00:00:00Z,-1.23853774685,-1.2800502244,-1.1970252693
2015-05-27T00:00:00Z,2015-05-28T00:00:00Z,-1.2553580969,-1.2553580969,-1.2553580969
2015-05-27T00:00:00Z,2015-05-28T00:00:00Z,-0.30049498555,-0.6987154565,0.0977254854
2015-05-27T00:00:00Z,2015-05-28T00:00:00Z,11.0128478786,11.0128478786,11.0128478786
2015-05-27T00:00:00Z,2015-05-28T00:00:00Z,13.5025339639,13.4377907836,13.5672771442
2015-05-27T00:00:00Z,2015-05-28T00:00:00Z,15.8649346601,15.8649346601,15.8649346601
2015-05-27T00:00:00Z,2015-05-28T00:00:00Z,19.7300157665,19.7300157665,19.7300157665
2015-05-27T00:00:00Z,2015-05-28T00:00:00Z,22.7004718765,22.7004718765,22.7004718765
2015-05-27T00:00:00Z,2015-05-28T00:00:00Z,23.471000459406664,22.4381503472,25.4534767881
2015-05-28T00:00:00Z,2015-05-29T00:00:00Z,-1.4008667904,-1.4008667904,-1.4008667904
2015-05-28T00:00:00Z,2015-05-29T00:00:00Z,-1.3460963713,-1.3460963713,-1.3460963713
2015-05-28T00:00:00Z,2015-05-29T00:00:00Z,-0.4688350044,-0.4688350044,-0.4688350044
2015-05-28T00:00:00Z,2015-05-29T00:00:00Z,1.6991639857,1.6991639857,1.6991639857
2015-05-28T00:00:00Z,2015-05-29T00:00:00Z,11.2076122719,11.2076122719,11.2076122719
2015-05-28T00:00:00Z,2015-05-29T00:00:00Z,9.0195133629,9.0195133629,9.0195133629
2015-05-28T00:00:00Z,2015-05-29T00:00:00Z,13.7439266604,13.7439266604,13.7439266604
2015-05-28T00:00:00Z,2015-05-29T00:00:00Z,14.8970016643,14.8970016643,14.8970016643
2015-05-28T00:00:00Z,2015-05-29T00:00:00Z,19.4802684528,19.4802684528,19.4802684528
2015-05-28T00:00:00Z,2015-05-29T00:00:00Z,23.48389287925,23.4334137844,23.5343719741
2015-05-28T00:00:00Z,2015-05-29T00:00:00Z,23.89782557408,22.7824906564,24.6135551378
2015-05-29T00:00:00Z,2015-05-30T00:00:00Z,-1.1947560099,-1.1947560099,-1.1947560099
2015-05-29T00:00:00Z,2015-05-30T00:00:00Z,-0.8868899495,-0.8868899495,-0.8868899495
2015-05-29T00:00:00Z,2015-05-30T00:00:00Z,-1.3421894308,-1.3421894308,-1.3421894308
2015-05-29T00:00:00Z,2015-05-30T00:00:00Z,0.7667465899,0.7667465899,0.7667465899
2015-05-29T00:00:00Z,2015-05-30T00:00:00Z,6.1613176033,6.1613176033,6.1613176033
2015-05-29T00:00:00Z,2015-05-30T00:00:00Z,4.4609560567,4.4609560567,4.4609560567
2015-05-29T00:00:00Z,2015-05-30T00:00:00Z,12.3677141667,12.3677141667,12.3677141667
2015-05-29T00:00:00Z,2015-05-30T00:00:00Z,15.0292995251,15.0292995251,15.0292995251
2015-05-29T00:00:00Z,2015-05-30T00:00:00Z,18.7301381753,18.7301381753,18.7301381753
2015-05-29T00:00:00Z,2015-05-30T00:00:00Z,24.1676674711125,23.3108647549,24.6231212549
2015-05-30T00:00:00Z,2015-05-31T00:00:00Z,-1.5316506888,-1.5316506888,-1.5316506888
2015-05-30T00:00:00Z,2015-05-31T00:00:00Z,-0.8010881624,-0.8010881624,-0.8010881624
2015-05-30T00:00:00Z,2015-05-31T00:00:00Z,3.52945235455,3.2649861401,3.793918569
2015-05-30T00:00:00Z,2015-05-31T00:00:00Z,8.8926108978,8.8926108978,8.8926108978
2015-05-30T00:00:00Z,2015-05-31T00:00:00Z,13.279901159,13.279901159,13.279901159
2015-05-30T00:00:00Z,2015-05-31T00:00:00Z,14.8885941086,14.8885941086,14.8885941086
2015-05-30T00:00:00Z,2015-05-31T00:00:00Z,20.3061270788,20.3061270788,20.3061270788
2015-05-30T00:00:00Z,2015-05-31T00:00:00Z,21.3576728162,21.3576728162,21.3576728162
2015-05-30T00:00:00Z,2015-05-31T00:00:00Z,24.5143318483,24.5143318483,24.5143318483
2015-05-30T00:00:00Z,2015-05-31T00:00:00Z,24.204845858314282,23.623717934,24.5960440165
2015-05-31T00:00:00Z,2015-06-01T00:00:00Z,-1.4006797689,-1.4006797689,-1.4006797689
2015-05-31T00:00:00Z,2015-06-01T00:00:00Z,-0.93893061905,-1.0824948613,-0.7953663768
2015-05-31T00:00:00Z,2015-06-01T00:00:00Z,-0.6316357831,-0.6316357831,-0.6316357831
2015-05-31T00:00:00Z,2015-06-01T00:00:00Z,7.360942430250001,7.3326568514,7.3892280091
2015-05-31T00:00:00Z,2015-06-01T00:00:00Z,10.8071331319,10.8071331319,10.8071331319
2015-05-31T00:00:00Z,2015-06-01T00:00:00Z,18.8179736139,18.8179736139,18.8179736139
2015-05-31T00:00:00Z,2015-06-01T00:00:00Z,15.5497042602,15.5497042602,15.5497042602
2015-05-31T00:00:00Z,2015-06-01T00:00:00Z,21.8154801851,21.8154801851,21.8154801851
2015-05-31T00:00:00Z,2015-06-01T00:00:00Z,23.84029625122667,21.0544143058,24.8490435632
2015-06-01T00:00:00Z,2015-06-02T00:00:00Z,-1.3826774300666667,-1.4095178883,-1.3526516445
2015-06-01T00:00:00Z,2015-06-02T00:00:00Z,-1.1222682348,-1.1222682348,-1.1222682348
2015-06-01T00:00:00Z,2015-06-02T00:00:00Z,1.7469212683,1.7469212683,1.7469212683
2015-06-01T00:00:00Z,2015-06-02T00:00:00Z,8.1612986416,8.1612986416,8.1612986416
2015-06-01T00:00:00Z,2015-06-02T00:00:00Z,14.5332482116,14.5332482116,14.5332482116
2015-06-01T00:00:00Z,2015-06-02T00:00:00Z,16.7815432424,16.7815432424,16.7815432424
2015-06-01T00:00:00Z,2015-06-02T00:00:00Z,19.851517985,19.851517985,19.851517985
2015-06-01T00:00:00Z,2015-06-02T00:00:00Z,20.8801452093,20.8801452093,20.8801452093
2015-06-01T00:00:00Z,2015-06-02T00:00:00Z,21.66062873174,17.9506674407,24.0545766672
2015-06-02T00:00:00Z,2015-06-03T00:00:00Z,-1.5457445648,-1.5457445648,-1.5457445648
2015-06-02T00:00:00Z,2015-06-03T00:00:00Z,-1.4357248362,-1.4357248362,-1.4357248362
2015-06-02T00:00:00Z,2015-06-03T00:00:00Z,1.1997224112,1.1997224112,1.1997224112
2015-06-02T00:00:00Z,2015-06-03T00:00:00Z,4.3070347479,4.3070347479,4.3070347479
2015-06-02T00:00:00Z,2015-06-03T00:00:00Z,13.1892047336,13.1892047336,13.1892047336
2015-06-02T00:00:00Z,2015-06-03T00:00:00Z,13.2281351555,13.2281351555,13.2281351555
2015-06-02T00:00:00Z,2015-06-03T00:00:00Z,16.749694176349998,16.6618715611,16.8375167916
2015-06-02T00:00:00Z,2015-06-03T00:00:00Z,18.2490441393,18.2490441393,18.2490441393
2015-06-02T00:00:00Z,2015-06-03T00:00:00Z,21.522192918326663,17.8212753211,22.7632336063